"Status","Start Time","Stop Time","Duration in ms","Parent Suite","Suite","Sub Suite","Test Class","Test Method","Name","Description"
"passed","Fri Sep 25 17:39:32 MSK 2026","Fri Sep 25 17:39:36 MSK 2026","3795","","ru.yandex.practicum.tests.LoginTest","","ru.yandex.practicum.tests.LoginTest","loginFromPersonalAccountButton","Вход через кнопку 'Личный кабинет'",""
"passed","Fri Sep 25 17:39:09 MSK 2026","Fri Sep 25 17:39:22 MSK 2026","12348","","ru.yandex.practicum.tests.ConstructorTest","","ru.yandex.practicum.tests.ConstructorTest","switchToBunsTab","Переход к разделу 'Булки'",""
"passed","Fri Sep 25 17:39:51 MSK 2026","Fri Sep 25 17:39:55 MSK 2026","4233","","ru.yandex.practicum.tests.RegistrationTest","","ru.yandex.practicum.tests.RegistrationTest","registerWithShortPasswordShowsError","Ошибка при пароле короче 6 символов",""
"passed","Fri Sep 25 17:39:39 MSK 2026","Fri Sep 25 17:39:43 MSK 2026","3533","","ru.yandex.practicum.tests.LoginTest","","ru.yandex.practicum.tests.LoginTest","loginFromRegisterPageLink","Вход через кнопку в форме регистрации",""
"passed","Fri Sep 25 17:39:47 MSK 2026","Fri Sep 25 17:39:51 MSK 2026","4613","","ru.yandex.practicum.tests.RegistrationTest","","ru.yandex.practicum.tests.RegistrationTest","registerNewUserSuccess","Успешная регистрация",""
"passed","Fri Sep 25 17:39:43 MSK 2026","Fri Sep 25 17:39:47 MSK 2026","3523","","ru.yandex.practicum.tests.LoginTest","","ru.yandex.practicum.tests.LoginTest","loginFromForgotPasswordPageLink","Вход через кнопку в форме восстановления пароля",""
"passed","Fri Sep 25 17:39:22 MSK 2026","Fri Sep 25 17:39:27 MSK 2026","4899","","ru.yandex.practicum.tests.ConstructorTest","","ru.yandex.practicum.tests.ConstructorTest","switchToSaucesTab","Переход к разделу 'Соусы'",""
"passed","Fri Sep 25 17:39:27 MSK 2026","Fri Sep 25 17:39:32 MSK 2026","5233","","ru.yandex.practicum.tests.ConstructorTest","","ru.yandex.practicum.tests.ConstructorTest","switchToFillingsTab","Переход к разделу 'Начинки'",""
"passed","Fri Sep 25 17:39:36 MSK 2026","Fri Sep 25 17:39:39 MSK 2026","3880","","ru.yandex.practicum.tests.LoginTest","","ru.yandex.practicum.tests.LoginTest","loginFromMainPageButton","Вход через кнопку 'Войти в аккаунт' на главной",""
